audience,asset_type,angle,copy,character_count,final_url
HVAC,headline,Pain,"Slow Week. Same Overhead.",25,https://aboupreneur.page/get-in-touch/hvac
HVAC,headline,Pain,"Stop Losing Local HVAC Leads",28,https://aboupreneur.page/get-in-touch/hvac
HVAC,headline,Pain,"Your Trucks Need More Calls",27,https://aboupreneur.page/get-in-touch/hvac
HVAC,headline,Outcome,"Turn Searches Into Bookings",27,https://aboupreneur.page/get-in-touch/hvac
HVAC,headline,Outcome,"Book More HVAC Jobs",19,https://aboupreneur.page/get-in-touch/hvac
HVAC,headline,Outcome,"Build A Steadier Job Pipeline",29,https://aboupreneur.page/get-in-touch/hvac
HVAC,headline,Identity,"Marketing Built For HVAC",24,https://aboupreneur.page/get-in-touch/hvac
HVAC,headline,Identity,"For Busy HVAC Owners",20,https://aboupreneur.page/get-in-touch/hvac
HVAC,headline,Trust,"Look Ready For The Big Job",26,https://aboupreneur.page/get-in-touch/hvac
HVAC,headline,Trust,"Make Homeowners Call You",24,https://aboupreneur.page/get-in-touch/hvac
HVAC,headline,Local,"Win More Local HVAC Searches",28,https://aboupreneur.page/get-in-touch/hvac
HVAC,headline,Local,"Get Found Before Competitors",28,https://aboupreneur.page/get-in-touch/hvac
HVAC,headline,Offer,"Fix Your HVAC Lead Flow",23,https://aboupreneur.page/get-in-touch/hvac
HVAC,headline,Offer,"Build A Site That Books",23,https://aboupreneur.page/get-in-touch/hvac
HVAC,headline,CTA,"Talk To Aboupreneur",19,https://aboupreneur.page/get-in-touch/hvac
HVAC,description,Pain,"A slow week still costs money. Build a clearer path from local search to booked work.",85,https://aboupreneur.page/get-in-touch/hvac
HVAC,description,Outcome,"Turn local searches into qualified calls with a website and lead system built for HVAC.",87,https://aboupreneur.page/get-in-touch/hvac
HVAC,description,Trust,"Earn trust before the call with clear services, proof, and practical next steps.",80,https://aboupreneur.page/get-in-touch/hvac
HVAC,description,CTA,"Your team needs a steadier pipeline. Start with a practical lead-generation plan.",81,https://aboupreneur.page/get-in-touch/hvac
Plumbing,headline,Pain,"Missed Calls Cost You Jobs",26,https://aboupreneur.page/get-in-touch/plumbing
Plumbing,headline,Pain,"Stop Losing Emergency Jobs",26,https://aboupreneur.page/get-in-touch/plumbing
Plumbing,headline,Pain,"Urgent Searches Move Fast",25,https://aboupreneur.page/get-in-touch/plumbing
Plumbing,headline,Outcome,"Get More Plumbing Calls",23,https://aboupreneur.page/get-in-touch/plumbing
Plumbing,headline,Outcome,"Turn Searches Into More Calls",29,https://aboupreneur.page/get-in-touch/plumbing
Plumbing,headline,Outcome,"Build A Steadier Job Pipeline",29,https://aboupreneur.page/get-in-touch/plumbing
Plumbing,headline,Identity,"Marketing Built For Plumbers",28,https://aboupreneur.page/get-in-touch/plumbing
Plumbing,headline,Identity,"For Busy Plumbing Owners",24,https://aboupreneur.page/get-in-touch/plumbing
Plumbing,headline,Trust,"Earn Trust Before The Call",26,https://aboupreneur.page/get-in-touch/plumbing
Plumbing,headline,Trust,"Look Ready For Urgent Work",26,https://aboupreneur.page/get-in-touch/plumbing
Plumbing,headline,Local,"Win More Local Plumbing Jobs",28,https://aboupreneur.page/get-in-touch/plumbing
Plumbing,headline,Local,"Be The Plumber They Find",24,https://aboupreneur.page/get-in-touch/plumbing
Plumbing,headline,Offer,"Fix Your Plumbing Lead Flow",27,https://aboupreneur.page/get-in-touch/plumbing
Plumbing,headline,Offer,"Build A Site That Gets Calls",28,https://aboupreneur.page/get-in-touch/plumbing
Plumbing,headline,CTA,"Talk To Aboupreneur",19,https://aboupreneur.page/get-in-touch/plumbing
Plumbing,description,Pain,"When a pipe bursts, customers move fast. Make your company easy to find, trust, and call.",89,https://aboupreneur.page/get-in-touch/plumbing
Plumbing,description,Outcome,"Turn urgent local searches into qualified service calls with a clearer digital presence.",88,https://aboupreneur.page/get-in-touch/plumbing
Plumbing,description,Trust,"Show services, service areas, and proof clearly so homeowners know who to call first.",85,https://aboupreneur.page/get-in-touch/plumbing
Plumbing,description,CTA,"Stop leaving good jobs to competitors with a stronger website and practical lead system.",88,https://aboupreneur.page/get-in-touch/plumbing
Newcomer,headline,Pain,"Referrals Cannot Scale Forever",30,https://aboupreneur.page/get-in-touch/newcomer
Newcomer,headline,Pain,"Is Growth Stuck On Referrals?",29,https://aboupreneur.page/get-in-touch/newcomer
Newcomer,headline,Pain,"Good Work Should Look Credible",30,https://aboupreneur.page/get-in-touch/newcomer
Newcomer,headline,Outcome,"Build Trust Before The Call",27,https://aboupreneur.page/get-in-touch/newcomer
Newcomer,headline,Outcome,"Turn Experience Into Trust",26,https://aboupreneur.page/get-in-touch/newcomer
Newcomer,headline,Outcome,"Build A Professional Presence",29,https://aboupreneur.page/get-in-touch/newcomer
Newcomer,headline,Identity,"Built For Newcomer Founders",27,https://aboupreneur.page/get-in-touch/newcomer
Newcomer,headline,Identity,"Grow Your Business In Canada",28,https://aboupreneur.page/get-in-touch/newcomer
Newcomer,headline,Trust,"Look Established Online",23,https://aboupreneur.page/get-in-touch/newcomer
Newcomer,headline,Trust,"Make First Impressions Count",28,https://aboupreneur.page/get-in-touch/newcomer
Newcomer,headline,Growth,"Go Beyond Word Of Mouth",23,https://aboupreneur.page/get-in-touch/newcomer
Newcomer,headline,Growth,"Reach Beyond Referrals",22,https://aboupreneur.page/get-in-touch/newcomer
Newcomer,headline,Offer,"Clarify Your Business Message",29,https://aboupreneur.page/get-in-touch/newcomer
Newcomer,headline,Offer,"Build A Website People Trust",28,https://aboupreneur.page/get-in-touch/newcomer
Newcomer,headline,CTA,"Talk To Aboupreneur",19,https://aboupreneur.page/get-in-touch/newcomer
Newcomer,description,Pain,"Referrals open doors, but rarely create predictable growth. Build your next channel.",84,https://aboupreneur.page/get-in-touch/newcomer
Newcomer,description,Outcome,"Turn your experience into a clear, credible presence customers in Canada can trust.",83,https://aboupreneur.page/get-in-touch/newcomer
Newcomer,description,Trust,"Show customers who you help, what you offer, and why they should choose your business.",86,https://aboupreneur.page/get-in-touch/newcomer
Newcomer,description,CTA,"Build a professional website and practical growth system without losing your identity.",86,https://aboupreneur.page/get-in-touch/newcomer
Agri-food,headline,Pain,"Great Product. Weak Demand?",27,https://aboupreneur.page/get-in-touch/agri-food
Agri-food,headline,Pain,"Are Buyers Missing Your Value?",30,https://aboupreneur.page/get-in-touch/agri-food
Agri-food,headline,Pain,"Strong Product. Low Demand.",27,https://aboupreneur.page/get-in-touch/agri-food
Agri-food,headline,Outcome,"Turn Products Into Demand",25,https://aboupreneur.page/get-in-touch/agri-food
Agri-food,headline,Outcome,"Reach More Qualified Buyers",27,https://aboupreneur.page/get-in-touch/agri-food
Agri-food,headline,Outcome,"Build Demand Beyond The Shelf",29,https://aboupreneur.page/get-in-touch/agri-food
Agri-food,headline,Identity,"Marketing Built For Agri-Food",29,https://aboupreneur.page/get-in-touch/agri-food
Agri-food,headline,Identity,"For Food And Farm Businesses",28,https://aboupreneur.page/get-in-touch/agri-food
Agri-food,headline,Trust,"Make Your Value Clear",21,https://aboupreneur.page/get-in-touch/agri-food
Agri-food,headline,Trust,"Tell A Stronger Product Story",29,https://aboupreneur.page/get-in-touch/agri-food
Agri-food,headline,Growth,"Create Measurable Buyer Demand",30,https://aboupreneur.page/get-in-touch/agri-food
Agri-food,headline,Growth,"Move From Production To Growth",30,https://aboupreneur.page/get-in-touch/agri-food
Agri-food,headline,Offer,"Clarify Your Route To Market",28,https://aboupreneur.page/get-in-touch/agri-food
Agri-food,headline,Offer,"Build A Buyer-Ready Website",27,https://aboupreneur.page/get-in-touch/agri-food
Agri-food,headline,CTA,"Talk To Aboupreneur",19,https://aboupreneur.page/get-in-touch/agri-food
Agri-food,description,Pain,"A strong product can still be overlooked. Make the value clear to buyers and customers.",87,https://aboupreneur.page/get-in-touch/agri-food
Agri-food,description,Outcome,"Turn product quality and operational strength into clearer positioning and buyer demand.",88,https://aboupreneur.page/get-in-touch/agri-food
Agri-food,description,Trust,"Explain your product, route to market, and advantage in language buyers understand.",83,https://aboupreneur.page/get-in-touch/agri-food
Agri-food,description,CTA,"Build a practical go-to-market system around your real product and operational capacity.",88,https://aboupreneur.page/get-in-touch/agri-food
