audience,angle,intro_text,intro_character_count,headline,headline_character_count,cta,final_url
HVAC,Pain,"The schedule looks light, but payroll, trucks, rent, and equipment payments do not. Your marketing should help turn local searches into booked work.",148,"Slow week. Same overhead.",25,Learn More,https://aboupreneur.page/get-in-touch/hvac
HVAC,Outcome,"Homeowners are already searching. A clear website and practical lead system can help more of those searches become qualified calls.",131,"Turn local searches into booked jobs",36,Learn More,https://aboupreneur.page/get-in-touch/hvac
HVAC,Identity,"Built for HVAC owners who are good at the work and tired of marketing that sounds impressive but does not help the phone ring.",126,"Practical marketing for HVAC owners",35,Learn More,https://aboupreneur.page/get-in-touch/hvac
Plumbing,Pain,"A homeowner with a leaking pipe will not wait for a confusing website or an unanswered next step. If they hesitate, they call the next plumber.",143,"Missed calls become missed jobs",31,Learn More,https://aboupreneur.page/get-in-touch/plumbing
Plumbing,Outcome,"Make it easy for local customers to find your services, trust your company, and call when the problem cannot wait.",114,"Turn urgent searches into service calls",39,Learn More,https://aboupreneur.page/get-in-touch/plumbing
Plumbing,Identity,"For plumbing owners who need qualified calls, not vague marketing reports. Build a digital presence that supports the work your team already does.",146,"Marketing built for plumbing companies",38,Learn More,https://aboupreneur.page/get-in-touch/plumbing
Newcomer,Pain,"Referrals may have helped you start. When they slow down, growth slows too. Build a business presence beyond your immediate network.",132,"Referrals cannot scale forever",30,Learn More,https://aboupreneur.page/get-in-touch/newcomer
Newcomer,Outcome,"Your experience deserves a clear, credible presence. Help customers in Canada understand what you do and trust you before the first conversation.",145,"Build trust before the first call",33,Learn More,https://aboupreneur.page/get-in-touch/newcomer
Newcomer,Identity,"You should not have to hide your story to look established. Build a professional digital presence that reflects your experience and ambition.",141,"Built for newcomer entrepreneurs",32,Learn More,https://aboupreneur.page/get-in-touch/newcomer
Agri-food,Pain,"You can have a strong product, reliable operations, and real capacity—and still be overlooked if buyers do not quickly understand the value.",140,"Great product. Buyers still scroll past.",40,Learn More,https://aboupreneur.page/get-in-touch/agri-food
Agri-food,Outcome,"Turn product quality and operational strength into clearer positioning, a stronger route to market, and measurable buyer demand.",128,"Turn operational strength into demand",37,Learn More,https://aboupreneur.page/get-in-touch/agri-food
Agri-food,Identity,"Marketing for food, farm, and specialty brands should reflect the real product, seasonality, margins, channels, and operational capacity.",137,"Marketing built for the real product",36,Learn More,https://aboupreneur.page/get-in-touch/agri-food